"CASE";"SERIAL";"REF";"QUESTNNR";"MODE";"STARTED";"CB01_01";"CB01_02";"CB01_03";"CB01_04";"CB01_05";"CB01_06";"CB01_07";"CB01_08";"CB01_09";"CB01_10";"D001";"D002";"D003_01";"D004_01";"DT01_01";"DT01_02";"DT01_03";"DT01_04";"DT01_05";"DT01_06";"DT01_07";"DT01_08";"DT01_09";"DT01_10";"DT01_11";"DT01_12";"DT01_13";"DT01_14";"DT01_15";"TIME001";"TIME002";"TIME003";"TIME004";"TIME_SUM";"MAILSENT";"LASTDATA";"STATUS";"FINISHED";"Q_VIEWER";"LASTPAGE";"MAXPAGE";"MISSING";"MISSREL";"TIME_RSI"
43;;;"base";"interview";2025-12-10 15:09:54;3;4;4;4;5;4;5;4;3;4;;;;;;;;;;;;;;;;;;;;15;41;;;56;;2025-12-10 15:10:50;;0;0;2;2;0;0;1.1
44;;;"base";"interview";2025-12-10 15:11:09;3;2;2;4;4;3;5;2;3;1;;;;;;;;;;;;;;;;;;;;3;55;;;58;;2025-12-10 15:12:07;;0;0;2;2;0;0;1.95
47;;;"base";"interview";2025-12-10 15:11:42;4;4;3;4;4;4;3;4;4;4;2;2;"13";5;4;7;1;1;4;3;6;7;7;7;5;5;7;7;6;13;70;113;18;214;;2025-12-10 15:15:16;"complete";1;0;4;4;0;0;1
50;;;"base";"interview";2025-12-10 15:12:26;2;2;2;4;4;4;2;3;2;2;;;;;;;;;;;;;;;;;;;;18;58;;;76;;2025-12-10 15:13:42;;0;0;2;2;0;0;0.81
54;;;"base";"interview";2025-12-10 15:15:18;4;5;3;2;4;5;5;2;3;4;3;2;"17";7;2;5;3;6;7;7;2;6;3;4;6;7;7;7;2;51;90;198;28;324;;2025-12-10 15:21:25;"complete";1;0;4;4;0;0;0.59
57;;;"base";"interview";2025-12-10 15:19:55;2;2;1;5;2;4;4;4;5;2;4;3;"17";6;2;2;1;3;3;6;3;4;6;5;6;5;7;6;4;16;127;230;48;421;;2025-12-10 15:26:56;"complete";1;0;4;4;0;0;0.52
68;;;"base";"interview";2025-12-10 15:27:28;2;3;2;5;4;4;5;4;2;2;2;4;"15";6;6;4;5;6;5;2;3;7;1;3;6;7;6;5;5;13;68;139;30;250;;2025-12-10 15:31:38;"complete";1;0;4;4;0;0;0.83
71;;;"base";"interview";2025-12-10 15:31:21;4;4;3;2;4;4;4;4;2;4;2;3;"15";5;6;6;6;4;5;4;2;3;6;4;4;4;4;5;4;9;50;103;19;181;;2025-12-10 15:34:22;"complete";1;0;4;4;0;0;1.18
75;;;"base";"interview";2025-12-10 15:40:47;3;3;3;4;4;4;5;4;3;2;2;3;"18";5;4;2;3;4;3;3;5;6;3;5;3;4;3;4;2;36;96;182;68;336;;2025-12-10 15:47:09;"complete";1;0;4;4;0;0;0.5
76;;;"base";"interview";2025-12-10 15:41:19;3;2;3;4;4;4;4;2;3;3;1;1;"27";5;3;1;2;2;2;6;6;5;7;6;2;2;3;3;2;27;101;134;15;277;;2025-12-10 15:45:56;"complete";1;0;4;4;0;0;0.86
77;;;"base";"interview";2025-12-10 15:42:20;1;1;3;2;3;4;4;4;4;5;3;2;"21";6;7;7;6;6;7;1;1;1;5;1;1;1;2;2;2;40;73;135;36;284;;2025-12-10 15:47:04;"complete";1;0;4;4;0;0;0.69
78;;;"base";"interview";2025-12-10 15:50:38;2;2;2;4;4;4;4;2;1;3;1;4;"16";5;3;6;6;1;5;3;3;3;3;3;4;5;5;5;5;8;35;113;19;175;;2025-12-10 15:53:33;"complete";1;0;4;4;0;0;1.32
87;;;"base";"interview";2025-12-10 16:13:28;3;3;1;2;4;3;3;4;3;3;3;1;"16";6;6;4;3;3;3;5;6;7;3;5;5;5;5;5;5;38;59;78;14;189;;2025-12-10 16:16:37;"complete";1;0;4;4;0;0;1.17
88;;;"base";"interview";2025-12-10 16:14:23;3;2;1;2;3;3;2;2;1;1;1;2;"17";6;6;7;4;5;4;3;3;2;2;3;3;5;4;5;1;184;131;215;25;379;;2025-12-10 16:23:38;"complete";1;0;4;4;0;0;0.52
97;;;"base";"interview";2025-12-10 16:22:37;5;4;3;5;3;3;2;4;3;1;4;4;"33";3;6;5;1;6;2;1;2;4;5;1;4;1;1;1;1;44;137;429;41;357;;2025-12-10 16:33:29;"complete";1;0;4;4;0;0;0.38
99;;;"base";"interview";2025-12-10 16:32:32;5;2;2;3;2;4;5;4;4;2;1;4;"14";4;7;4;7;6;4;7;7;5;1;4;1;1;1;1;1;5;47;73;13;138;;2025-12-10 16:34:50;"complete";1;0;4;4;0;0;1.65
100;;;"base";"interview";2025-12-10 16:33:37;4;2;2;2;4;4;4;3;3;2;2;4;"27";6;3;3;1;3;3;5;6;4;7;1;1;2;3;3;2;1;68;181;14;264;;2025-12-10 16:38:02;"complete";1;0;4;4;0;0;1.58
101;;;"base";"interview";2025-12-10 16:35:45;1;2;4;4;2;3;4;1;2;2;1;4;"15";5;6;4;1;1;7;2;5;1;2;1;1;1;2;1;1;1944;87;136;18;249;;2025-12-10 17:12:10;"complete";1;0;4;4;0;0;0.75
109;;;"base";"interview";2025-12-10 17:04:30;4;3;2;3;2;5;3;4;3;4;2;4;"12";4;7;7;6;4;7;1;4;6;7;3;2;7;6;7;4;8;107;196;29;340;;2025-12-10 17:10:10;"complete";1;0;4;4;0;0;0.77
110;;;"base";"interview";2025-12-10 17:10:56;2;5;1;1;2;4;3;2;3;1;1;3;"16";5;6;6;5;6;3;5;3;4;3;4;1;1;1;2;4;8;110;234;31;383;;2025-12-10 17:17:19;"complete";1;0;4;4;0;0;0.73
112;;;"base";"interview";2025-12-10 17:50:00;5;4;2;2;3;4;4;2;2;2;4;4;"18";2;3;2;2;3;3;2;2;2;3;4;5;5;6;6;5;18;100;154;46;318;;2025-12-10 17:55:18;"complete";1;0;4;4;0;0;0.62
113;;;"base";"interview";2025-12-10 17:58:07;4;4;4;4;3;4;4;2;2;3;3;3;"14";5;2;4;1;3;4;4;3;2;5;2;2;6;5;5;5;18;63;153;16;250;;2025-12-10 18:02:17;"complete";1;0;4;4;0;0;0.95
117;;;"base";"interview";2025-12-10 18:01:41;5;4;3;5;4;3;5;4;4;3;;;;;;;;;;;;;;;;;;;;66;101;;;109;;2025-12-10 18:04:28;;0;0;2;2;0;0;0.4
122;;;"base";"interview";2025-12-10 18:10:33;5;1;1;1;5;3;5;3;3;1;1;3;"19";6;6;3;3;5;3;1;1;4;5;5;1;1;2;1;1;135;259;943;66;233;;2025-12-10 18:33:56;"complete";1;0;4;4;0;0;0.2
126;;;"base";"interview";2025-12-10 18:28:24;2;3;1;3;3;2;4;3;4;2;2;1;"21";6;7;5;2;6;5;2;6;3;3;5;7;7;3;6;1;62;141;292;41;482;;2025-12-10 18:37:20;"complete";1;0;4;4;0;0;0.4
128;;;"base";"interview";2025-12-10 18:47:37;2;1;2;3;3;4;4;3;2;3;1;4;"24";6;2;2;1;2;2;3;4;5;5;3;1;5;3;3;2;52;83;159;26;276;;2025-12-10 18:52:57;"complete";1;0;4;4;0;0;0.67
131;;;"base";"interview";2025-12-10 19:34:31;2;4;1;3;4;4;4;1;5;1;2;3;"19";6;7;7;7;7;3;3;1;1;3;1;5;5;6;7;5;7;47;77;14;145;;2025-12-10 19:36:56;"complete";1;0;4;4;0;0;1.48
132;;;"base";"interview";2025-12-10 19:51:02;2;1;3;4;5;2;2;3;5;3;2;2;"51";6;6;2;2;1;7;1;1;2;1;1;6;7;7;6;2;46;116;264;46;472;;2025-12-10 19:58:54;"complete";1;0;4;4;0;0;0.44
133;;;"base";"interview";2025-12-10 19:57:33;4;3;2;3;3;4;4;3;4;3;2;2;"14";4;7;7;5;7;4;2;1;1;2;1;6;3;5;4;3;12;41;74;14;141;;2025-12-10 19:59:54;"complete";1;0;4;4;0;0;1.43
135;;;"base";"interview";2025-12-10 20:15:07;4;2;3;4;4;4;4;4;2;3;1;3;"18";5;5;7;5;6;3;1;1;1;5;1;3;5;3;7;1;4;73;166;28;271;;2025-12-10 20:19:38;"complete";1;0;4;4;0;0;1.13
137;;;"base";"interview";2025-12-10 20:35:49;2;4;3;2;4;4;3;4;4;2;;;;;5;3;4;6;4;5;6;2;2;1;3;7;1;7;2;14;104;1022;;253;;2025-12-10 20:54:49;;0;0;3;3;0;0;0.45
140;;;"base";"interview";2025-12-10 21:02:48;4;2;1;2;4;4;5;4;4;2;2;4;"30";5;3;3;1;5;5;5;3;3;2;2;3;5;6;5;3;8;59;178;22;267;;2025-12-10 21:07:15;"complete";1;0;4;4;0;0;0.98
141;;;"base";"interview";2025-12-10 21:08:23;-9;-9;-9;-9;-9;-9;-9;-9;-9;-9;;;;;;;;;;;;;;;;;;;;6;347;;;74;;2025-12-10 21:14:16;;0;0;2;2;100;100;0.76
145;;;"base";"interview";2025-12-10 21:10:42;4;4;3;3;2;3;4;4;3;3;2;1;"20";5;5;6;5;6;5;4;7;5;2;3;4;7;5;7;2;4;80;223;57;364;;2025-12-10 21:16:46;"complete";1;0;4;4;0;0;0.96
150;;;"base";"interview";2025-12-10 21:15:58;1;2;2;2;1;2;4;2;2;4;2;3;"20";3;3;2;4;5;5;6;6;4;2;1;7;7;7;7;7;4;71;584175;39;249;;2025-12-17 15:34:07;"complete";1;0;4;4;0;0;0.88
164;;;"base";"interview";2025-12-10 21:25:49;5;3;1;2;5;5;5;4;4;2;2;2;"21";6;7;7;7;7;7;7;4;6;1;5;6;7;4;3;7;3;67;89;16;175;;2025-12-10 21:28:44;"complete";1;0;4;4;0;0;1.64
167;;;"base";"interview";2025-12-10 21:28:50;4;3;1;3;5;5;4;3;3;4;2;3;"20";6;5;4;5;6;5;5;5;2;4;3;7;7;5;7;5;6;327;176;63;272;;2025-12-10 21:38:22;"complete";1;0;4;4;0;0;0.66
170;;;"base";"interview";2025-12-10 21:39:23;4;2;3;5;5;5;5;4;4;2;;;;;;;;;;;;;;;;;;;;6;50;9;;65;;2025-12-10 21:40:19;;0;0;2;3;0;0;1.9
171;;;"base";"interview";2025-12-10 21:42:33;4;3;3;3;3;4;4;2;3;2;3;4;"15";5;4;4;4;3;5;4;3;3;3;4;2;5;5;5;4;5;52;100;20;177;;2025-12-10 21:45:30;"complete";1;0;4;4;0;0;1.34
177;;;"base";"interview";2025-12-10 21:53:19;3;2;2;3;5;5;3;5;5;4;;;;;;;;;;;;;;;;;;;;4;82;33089;;221;;2025-12-11 07:06:14;;0;0;3;3;0;0;0.94
186;;;"base";"interview";2025-12-10 21:56:08;5;3;4;3;4;4;3;4;3;4;2;2;"19";6;7;4;7;6;6;7;5;6;4;6;5;7;7;7;6;5;95;115;14;229;;2025-12-10 21:59:57;"complete";1;0;4;4;0;0;1.27
189;;;"base";"interview";2025-12-10 21:57:00;4;3;2;3;3;4;5;5;4;4;1;2;"20";7;6;7;6;7;7;2;3;3;5;5;4;7;5;7;4;21;106;136;20;283;;2025-12-10 22:01:43;"complete";1;0;4;4;0;0;0.78
193;;;"base";"interview";2025-12-10 22:10:42;4;3;4;5;4;3;4;2;2;4;1;4;"15";7;5;3;1;7;6;5;7;2;1;1;2;6;5;3;4;31;98;181;24;334;;2025-12-10 22:16:16;"complete";1;0;4;4;0;0;0.65
194;;;"base";"interview";2025-12-10 22:14:17;2;4;4;3;5;3;3;2;4;4;1;2;"20";6;7;6;7;6;5;6;1;4;2;3;6;6;5;7;5;21;71;129;14;235;;2025-12-10 22:18:12;"complete";1;0;4;4;0;0;0.99
200;;;"base";"interview";2025-12-10 22:43:15;2;3;3;5;2;3;5;3;4;2;1;2;"27";5;7;5;7;6;6;7;6;5;1;6;7;7;7;7;4;45;306;251;98;386;;2025-12-10 22:54:55;"complete";1;0;4;4;0;0;0.29
202;;;"base";"interview";2025-12-10 23:24:09;3;3;1;4;4;5;5;2;4;1;;;;;;;;;;;;;;;;;;;;168;471;;;76;;2025-12-10 23:34:48;;0;0;2;2;0;0;0.1
203;;;"base";"interview";2025-12-10 23:30:01;5;2;3;5;5;5;3;2;4;2;2;4;"18";4;6;6;6;7;4;5;3;5;2;4;5;6;7;7;3;8;69;137;22;236;;2025-12-10 23:33:57;"complete";1;0;4;4;0;0;0.99
204;;;"base";"interview";2025-12-10 23:33:31;4;4;3;3;2;4;4;3;3;4;2;3;"19";5;3;4;1;3;4;5;4;4;2;4;5;7;7;6;5;4;82;160;31;277;;2025-12-10 23:38:08;"complete";1;0;4;4;0;0;1.1
205;;;"base";"interview";2025-12-10 23:38:00;3;4;2;4;5;4;5;3;3;2;;;;;;;;;;;;;;;;;;;;4;81;27007;;220;;2025-12-11 07:09:32;;0;0;3;3;0;0;0.95
207;;;"base";"interview";2025-12-11 00:04:10;2;2;2;3;5;3;5;4;2;2;2;2;"18";4;5;6;7;5;6;3;5;3;2;3;5;5;7;6;6;22;101;228;18;369;;2025-12-11 00:10:19;"complete";1;0;4;4;0;0;0.71
208;;;"base";"interview";2025-12-11 00:12:40;2;4;2;1;2;4;3;3;4;2;1;4;"19";6;6;4;7;3;6;1;1;1;1;1;2;5;3;5;4;7;65;82;23;177;;2025-12-11 00:15:37;"complete";1;0;4;4;0;0;1.2
209;;;"base";"interview";2025-12-11 00:27:16;2;2;5;4;3;5;4;4;4;3;2;3;"18";5;6;5;1;3;3;4;2;3;1;2;4;6;6;5;2;10;52;111;15;188;;2025-12-11 00:30:24;"complete";1;0;4;4;0;0;1.2
211;;;"base";"interview";2025-12-11 01:18:54;1;3;3;4;3;5;5;4;3;2;4;1;"15";5;1;1;1;1;2;5;4;3;1;1;3;5;6;3;2;177;65;430;38;246;;2025-12-11 01:30:44;"complete";1;0;4;4;0;0;0.5
217;;;"base";"interview";2025-12-11 03:41:19;3;2;4;4;2;3;2;5;4;3;;;;;;;;;;;;;;;;;;;;11;34;;;45;;2025-12-11 03:42:04;;0;0;2;2;0;0;1.36
238;;;"base";"interview";2025-12-11 05:14:16;3;1;2;3;3;2;4;4;4;2;;;;;;;;;;;;;;;;;;;;27;90;;;117;;2025-12-11 05:16:13;;0;0;2;2;0;0;0.53
239;;;"base";"interview";2025-12-11 05:14:52;1;1;2;4;5;2;4;4;4;4;1;2;"23";7;7;7;6;6;7;7;7;7;6;7;1;1;2;1;2;13;93;162;15;283;;2025-12-11 05:19:35;"complete";1;0;4;4;0;0;0.91
241;;;"base";"interview";2025-12-11 05:34:15;3;4;4;3;4;4;3;2;5;3;2;1;"52";5;5;5;4;5;4;6;6;4;3;4;7;7;7;7;6;38;122;174;35;369;;2025-12-11 05:40:25;"complete";1;0;4;4;0;0;0.54
244;;;"base";"interview";2025-12-11 06:13:12;4;5;5;3;3;5;5;4;4;1;1;1;"25";7;5;6;6;7;7;7;7;7;7;7;7;7;6;6;5;12;52;83;24;171;;2025-12-11 06:16:03;"complete";1;0;4;4;0;0;1.13
248;;;"base";"interview";2025-12-11 08:16:46;5;3;2;4;5;4;2;2;2;1;2;1;"21";5;2;2;1;3;2;5;3;5;5;7;7;7;7;6;2;51;55;123;21;207;;2025-12-11 08:20:56;"complete";1;0;4;4;0;0;0.88
268;;;"base";"interview";2025-12-11 09:33:15;3;3;2;2;5;5;5;4;5;1;2;4;"19";3;7;7;1;2;7;6;5;5;1;3;7;5;4;3;4;4;58;216;43;321;;2025-12-11 09:38:36;"complete";1;0;4;4;0;0;1.08
274;;;"base";"interview";2025-12-11 11:06:22;3;2;4;3;4;3;2;2;3;3;1;2;"41";6;4;6;5;4;4;2;2;2;2;3;5;3;5;5;5;37712;52;117;23;200;;2025-12-11 21:38:06;"complete";1;0;4;4;0;0;0.85
276;;;"base";"interview";2025-12-11 11:18:57;4;2;2;3;3;3;2;3;2;2;1;3;"34";3;3;3;5;1;4;1;2;3;3;1;1;1;4;4;2;21;54;88;24;187;;2025-12-11 11:22:04;"complete";1;0;4;4;0;0;1.02
278;;;"base";"interview";2025-12-11 13:39:42;4;3;3;4;4;3;5;4;3;3;2;2;"17";5;6;4;5;5;5;3;4;4;5;3;6;7;5;6;5;3;163;210;31;407;;2025-12-11 13:46:29;"complete";1;0;4;4;0;0;1.11
280;;;"base";"interview";2025-12-11 15:51:16;4;2;2;2;4;4;3;4;5;3;2;3;"20";5;6;5;6;6;3;1;2;2;1;1;3;6;6;5;3;6;101;221;31;359;;2025-12-11 15:57:15;"complete";1;0;4;4;0;0;0.83
281;;;"base";"interview";2025-12-11 16:10:31;5;1;3;5;5;5;3;5;3;4;1;2;"45";6;4;4;4;1;1;7;7;6;4;7;7;7;6;7;6;31;265;272;73;393;;2025-12-11 16:21:12;"complete";1;0;4;4;0;0;0.33
282;;;"base";"interview";2025-12-11 16:50:12;2;2;2;2;3;3;1;2;2;2;3;3;"42";4;3;3;2;2;3;1;1;1;1;1;2;6;5;6;6;4;32;40;17;93;;2025-12-11 16:51:45;"complete";1;0;4;4;0;0;2.1
283;;;"base";"interview";2025-12-11 18:02:58;5;2;2;4;5;2;3;4;5;4;2;4;"24";5;2;2;2;3;2;3;1;2;1;2;3;5;5;5;5;3;48;128;19;198;;2025-12-11 18:06:16;"complete";1;0;4;4;0;0;1.57
286;;;"base";"interview";2025-12-11 18:59:00;3;4;3;4;4;4;5;3;5;4;2;1;"20";5;6;7;5;6;5;2;2;3;2;3;6;7;5;6;2;548;108;144;32;292;;2025-12-11 19:12:52;"complete";1;0;4;4;0;0;0.57
291;;;"base";"interview";2025-12-11 23:36:12;4;4;3;4;3;2;3;2;1;2;;;;;;;;;;;;;;;;;;;;7;64;;;71;;2025-12-11 23:37:23;;0;0;2;2;0;0;1.1
295;;;"base";"interview";2025-12-12 17:28:22;2;3;4;4;2;2;4;2;2;2;3;3;"16";3;7;7;4;6;7;2;1;3;3;4;2;3;7;7;5;21;91;206;36;354;;2025-12-12 17:34:16;"complete";1;0;4;4;0;0;0.6
297;;;"base";"interview";2025-12-12 18:15:42;4;3;4;2;5;5;3;4;4;2;2;2;"55";7;7;7;7;7;7;6;7;7;1;2;7;7;7;7;3;22;130;227;42;421;;2025-12-12 18:22:43;"complete";1;0;4;4;0;0;0.5
302;;;"base";"interview";2025-12-12 21:56:35;4;2;2;3;4;4;4;3;4;2;2;4;"50";6;6;6;4;5;2;5;6;2;2;2;6;7;7;6;7;9;275;567;89;234;;2025-12-12 22:12:15;"complete";1;0;4;4;0;0;0.41
303;;;"base";"interview";2025-12-12 21:58:31;3;3;3;3;3;2;3;3;3;2;;;;;;;;;;;;;;;;;;;;5;30;;;35;;2025-12-12 21:59:06;;0;0;2;2;0;0;1.93
307;;;"base";"interview";2025-12-13 15:51:58;4;3;2;4;4;4;3;3;4;2;2;3;"49";6;5;5;4;3;5;5;3;4;1;3;7;7;7;6;4;25;78;163;39;305;;2025-12-13 15:57:03;"complete";1;0;4;4;0;0;0.65
308;;;"base";"interview";2025-12-13 15:56:15;5;5;4;5;5;4;5;4;3;5;1;2;"26";7;7;7;2;5;7;5;6;4;3;3;7;7;6;7;7;6;42;98;12;158;;2025-12-13 15:58:53;"complete";1;0;4;4;0;0;1.54
309;;;"base";"interview";2025-12-13 16:51:09;2;4;2;3;5;4;3;3;4;3;2;4;"21";5;6;4;6;4;4;4;4;1;1;4;6;6;7;7;6;17;84;77;24;202;;2025-12-13 16:54:32;"complete";1;0;4;4;0;0;0.99
313;;;"base";"interview";2025-12-13 18:48:05;3;4;2;3;3;2;4;4;3;2;1;4;"17";6;4;1;3;2;2;6;3;4;5;7;6;5;4;3;4;7;81;162;28;278;;2025-12-13 18:52:43;"complete";1;0;4;4;0;0;0.9
314;;;"base";"interview";2025-12-13 18:49:05;1;2;4;3;5;4;4;4;4;4;1;2;"29";7;2;3;5;3;3;4;5;2;4;2;7;7;7;7;4;11;50;111;29;201;;2025-12-13 18:52:26;"complete";1;0;4;4;0;0;1.02
323;;;"base";"interview";2025-12-13 22:52:52;4;3;3;4;4;4;4;4;4;2;1;4;"31";6;3;3;5;3;6;4;4;3;1;4;5;5;5;4;4;3;106;309;317;440;;2025-12-13 23:05:07;"complete";1;0;4;4;0;0;0.95
324;;;"base";"interview";2025-12-14 00:03:49;3;1;3;3;4;4;5;1;3;1;2;2;"28";5;3;2;1;5;7;1;1;1;1;1;7;7;5;7;6;7;47;75;13;142;;2025-12-14 00:06:11;"complete";1;0;4;4;0;0;1.52
326;;;"base";"interview";2025-12-14 01:05:00;2;1;2;4;4;5;2;4;4;5;1;1;"25";5;6;6;6;7;5;6;3;4;2;3;5;6;5;6;2;11;56;90;21;178;;2025-12-14 01:07:58;"complete";1;0;4;4;0;0;1.12
328;;;"base";"interview";2025-12-14 10:30:09;3;4;2;3;2;3;4;3;3;2;1;2;"28";5;6;5;5;5;6;5;2;4;6;4;5;7;7;7;5;119;61;85;19;173;;2025-12-14 10:34:53;"complete";1;0;4;4;0;0;0.98
329;;;"base";"interview";2025-12-14 10:48:33;3;2;3;2;4;3;2;4;3;4;1;2;"26";6;7;6;5;6;6;1;2;1;2;1;3;3;3;3;2;2;50;100;19;171;;2025-12-14 10:51:24;"complete";1;0;4;4;0;0;1.72
331;;;"base";"interview";2025-12-15 04:16:34;1;2;4;5;3;4;4;3;4;2;2;2;"27";6;7;7;6;7;6;1;3;1;2;3;3;5;5;5;1;4;65;120;21;210;;2025-12-15 04:20:04;"complete";1;0;4;4;0;0;1.3
332;;;"base";"interview";2025-12-15 12:29:54;4;3;3;3;4;3;3;4;4;4;2;4;"25";5;6;3;2;5;2;4;4;4;4;4;4;6;4;4;5;25;45;99;16;185;;2025-12-15 12:32:59;"complete";1;0;4;4;0;0;1.14
335;;;"base";"interview";2025-12-15 14:35:25;2;2;2;4;4;3;2;4;3;2;1;3;"25";6;5;2;7;5;6;4;5;3;4;3;6;4;2;4;4;2;7;12;17;38;;2025-12-15 14:36:03;"complete";1;0;4;4;0;0;2.57
336;;;"base";"interview";2025-12-15 14:51:10;4;3;2;3;4;4;3;4;4;2;2;3;"23";4;3;5;4;4;1;4;4;4;3;4;5;6;5;6;6;4;39;78;15;136;;2025-12-15 14:53:26;"complete";1;0;4;4;0;0;1.74
337;;;"base";"interview";2025-12-15 18:54:26;2;4;4;3;2;2;2;2;3;4;;;;;;;;;;;;;;;;;;;;5;74;;;79;;2025-12-15 18:55:45;;0;0;2;2;0;0;1.26
338;;;"base";"interview";2025-12-15 19:15:31;3;3;2;3;3;2;2;2;3;2;2;2;"21";5;5;5;5;4;4;2;2;1;2;3;4;3;5;5;6;2;36;82;17;137;;2025-12-15 19:17:48;"complete";1;0;4;4;0;0;1.96
339;;;"base";"interview";2025-12-15 21:25:50;4;1;1;2;4;4;2;2;4;2;2;2;"49";7;6;5;3;3;5;7;5;5;2;2;6;1;7;7;6;4;236;240;33;345;;2025-12-15 21:34:23;"complete";1;0;4;4;0;0;0.88
341;;;"base";"interview";2025-12-16 10:40:36;3;3;5;3;4;5;3;4;4;4;;;;;;;;;;;;;;;;;;;;19;139;10294;;293;;2025-12-16 13:34:48;;0;0;3;3;0;0;0.31
342;;;"base";"interview";2025-12-16 10:40:43;5;1;2;5;4;3;3;5;2;3;2;2;"18";5;5;6;5;4;4;7;3;3;5;4;4;6;2;4;4;7;28;18;19;72;;2025-12-16 10:41:55;"complete";1;0;4;4;0;0;1.93
344;;;"base";"interview";2025-12-16 11:34:00;4;4;1;1;3;4;1;4;3;3;1;1;"24";5;6;6;2;5;6;6;3;2;5;2;7;7;7;6;6;3;63;110;16;192;;2025-12-16 11:37:12;"complete";1;0;4;4;0;0;1.59
346;;;"base";"interview";2025-12-16 14:34:11;2;4;2;3;4;4;2;4;4;2;2;3;"23";4;3;3;3;5;4;2;2;2;2;2;3;5;6;4;3;5;33;83;17;138;;2025-12-16 14:36:30;"complete";1;0;4;4;0;0;1.65
347;;;"base";"interview";2025-12-16 18:12:27;2;3;4;4;4;4;3;4;4;4;2;2;"28";5;6;5;5;6;6;4;4;3;4;3;6;7;6;6;6;4;47;138;21;210;;2025-12-16 18:15:58;"complete";1;0;4;4;0;0;1.37
348;;;"base";"interview";2025-12-16 20:36:30;4;4;4;2;4;5;1;5;4;4;2;3;"24";2;3;3;1;3;3;4;5;3;3;2;5;7;6;7;4;5;53;121;17;196;;2025-12-16 20:39:46;"complete";1;0;4;4;0;0;1.32
350;;;"base";"interview";2025-12-17 08:21:35;3;1;2;3;5;4;4;3;4;2;2;3;"24";6;3;6;5;5;5;2;6;2;2;3;6;6;7;7;3;3;63;97;27;190;;2025-12-17 08:24:46;"complete";1;0;4;4;0;0;1.49
352;;;"base";"interview";2025-12-17 19:43:57;1;2;4;3;4;5;2;2;4;3;2;2;"17";5;6;7;6;6;6;3;4;3;3;4;5;5;6;7;2;18;68;170;27;283;;2025-12-17 19:48:40;"complete";1;0;4;4;0;0;0.76
355;;;"base";"interview";2025-12-18 11:35:26;3;2;3;4;5;3;3;4;4;2;2;3;"25";5;5;6;6;5;5;5;4;5;5;3;3;6;5;4;3;75;44;160;16;228;;2025-12-18 11:40:21;"complete";1;0;4;4;0;0;0.97
356;;;"base";"interview";2025-12-18 13:44:44;2;3;2;3;4;4;2;2;4;3;2;2;"25";5;5;5;5;5;4;6;5;5;3;3;4;7;7;7;6;16;34;53;14;117;;2025-12-18 13:46:41;"complete";1;0;4;4;0;0;1.65
361;;;"base";"interview";2025-12-19 15:57:49;2;4;3;2;4;4;4;4;4;4;1;2;"22";7;6;6;6;6;6;2;2;2;3;2;6;6;6;6;6;4;23;47;11;85;;2025-12-19 15:59:14;"complete";1;0;4;4;0;0;2.46
362;;;"base";"interview";2025-12-19 17:45:49;3;2;2;4;3;3;2;4;3;3;2;2;"22";6;6;5;6;6;4;1;1;3;1;1;4;4;5;6;3;38;56;109;20;223;;2025-12-19 17:49:32;"complete";1;0;4;4;0;0;0.94
365;;;"base";"interview";2025-12-19 19:52:52;3;2;2;4;4;3;5;4;3;3;1;2;"26";5;5;7;6;4;6;5;5;5;6;4;2;6;5;6;5;44;61;82;16;203;;2025-12-19 19:56:15;"complete";1;0;4;4;0;0;1.08
369;;;"base";"interview";2025-12-20 10:13:19;3;1;1;2;1;1;4;2;2;3;2;3;"29";5;6;4;5;5;7;2;2;3;3;1;1;1;7;4;3;11;1721;142;18;239;;2025-12-20 10:44:51;"complete";1;0;4;4;0;0;0.73
370;;;"base";"interview";2025-12-20 10:48:32;2;2;3;3;4;5;2;5;4;3;2;4;"27";6;6;6;3;3;3;2;3;1;7;4;2;3;5;6;6;23;109;266;34;432;;2025-12-20 10:55:45;"complete";1;0;4;4;0;0;0.53
373;;;"base";"interview";2025-12-20 17:05:01;2;1;1;2;4;4;4;1;3;2;2;2;"22";3;3;2;4;5;1;1;1;3;3;1;4;5;2;2;3;4;64;119;18;205;;2025-12-20 17:08:26;"complete";1;0;4;4;0;0;1.35
375;;;"base";"interview";2025-12-20 22:01:23;4;2;3;3;4;4;5;3;4;4;2;3;"20";3;3;3;1;2;2;2;3;2;3;2;4;5;5;7;2;28;111;816;11;285;;2025-12-20 22:17:29;"complete";1;0;4;4;0;0;0.77
380;;;"base";"interview";2025-12-22 11:27:31;2;2;2;2;3;2;4;2;3;2;2;4;"32";4;4;4;4;4;4;4;2;3;3;3;4;4;4;4;3;3;56;105;28;192;;2025-12-22 11:30:43;"complete";1;0;4;4;0;0;1.49
382;;;"base";"interview";2025-12-22 17:24:04;3;2;1;3;3;3;3;4;3;2;1;4;"18";5;5;6;1;5;6;3;3;4;3;1;7;6;7;4;7;15;83;307;56;461;;2025-12-22 17:31:45;"complete";1;0;4;4;0;0;0.55
383;;;"base";"interview";2025-12-22 17:24:27;-9;-9;-9;-9;-9;-9;-9;-9;-9;-9;;;;;;;;;;;;;;;;;;;;12;39;;;51;;2025-12-22 17:25:18;;0;0;2;2;100;100;1.21
388;;;"base";"interview";2025-12-22 23:18:19;4;4;5;4;5;5;4;5;5;4;2;1;"22";6;6;6;6;6;6;6;6;6;6;6;6;6;6;6;6;8;83;56;14;161;;2025-12-22 23:21:00;"complete";1;0;4;4;0;0;1.45
391;;;"base";"interview";2025-12-23 16:56:35;2;1;2;3;2;3;3;3;2;2;1;2;"26";6;5;6;6;6;6;3;4;3;2;2;6;6;3;5;3;22;56;127;20;225;;2025-12-23 17:00:20;"complete";1;0;4;4;0;0;0.94
394;;;"base";"interview";2025-12-24 14:41:35;2;4;3;3;3;4;4;4;4;3;2;2;"31";4;5;6;5;5;6;5;2;2;3;4;4;5;5;5;2;3;45;83;13;144;;2025-12-24 14:43:59;"complete";1;0;4;4;0;0;1.87
397;;;"base";"interview";2025-12-24 23:20:00;3;2;3;4;5;4;3;3;4;2;2;3;"31";5;6;5;4;5;5;5;3;3;5;5;3;5;6;7;6;3;28;59;17;107;;2025-12-24 23:21:47;"complete";1;0;4;4;0;0;2.17
398;;;"base";"interview";2025-12-25 17:32:11;2;4;1;3;4;2;5;3;2;3;1;3;"18";6;2;3;4;3;6;1;1;1;2;1;1;3;6;6;6;4;71;122;19;216;;2025-12-25 17:35:47;"complete";1;0;4;4;0;0;1.31
402;;;"base";"interview";2025-12-27 02:33:19;2;1;1;4;4;2;2;3;2;1;1;4;"32";5;5;5;3;2;4;4;3;4;3;4;4;4;5;5;2;12;54;173;31;270;;2025-12-27 02:37:49;"complete";1;0;4;4;0;0;0.85
406;;;"base";"interview";2025-12-27 12:28:14;5;1;2;2;4;5;4;4;4;4;2;3;"22";5;4;5;2;5;2;2;2;2;2;2;3;6;6;5;2;11;41;208;15;275;;2025-12-27 12:32:49;"complete";1;0;4;4;0;0;1.13
407;;;"base";"interview";2025-12-27 14:24:12;5;5;5;4;5;4;5;5;5;5;2;2;"87";6;7;7;7;7;7;2;4;4;1;1;7;6;6;7;1;4;191;278;47;397;;2025-12-27 14:32:52;"complete";1;0;4;4;0;0;0.83
408;;;"base";"interview";2025-12-27 14:42:32;2;1;1;5;5;1;4;5;1;1;1;4;"85";5;7;3;2;1;6;1;1;1;6;1;1;2;7;7;1;3;128;210;54;395;;2025-12-27 14:49:07;"complete";1;0;4;4;0;0;1.06
409;;;"base";"interview";2025-12-27 15:21:20;2;1;3;4;4;4;2;3;4;3;1;3;"18";5;4;1;1;6;2;3;2;4;4;2;1;6;2;1;2;43;422;319;41;471;;2025-12-27 15:35:05;"complete";1;0;4;4;0;0;0.33
410;;;"base";"interview";2025-12-27 16:42:33;3;1;1;3;2;2;3;3;2;2;2;3;"29";4;6;6;5;5;6;3;3;3;3;3;1;2;5;5;3;2;42;68;12;124;;2025-12-27 16:44:37;"complete";1;0;4;4;0;0;2.11
411;;;"base";"interview";2025-12-27 21:57:24;2;4;2;2;2;2;2;2;3;3;1;3;"37";4;4;4;4;4;4;3;3;3;4;3;3;5;5;5;3;2;75;149;11;237;;2025-12-27 22:01:21;"complete";1;0;4;4;0;0;1.7
415;;;"base";"interview";2025-12-28 14:39:03;5;5;5;3;5;5;5;4;5;5;2;3;"38";6;3;5;5;7;6;3;4;5;3;5;3;3;1;2;3;3;19;61;16;99;;2025-12-28 14:40:42;"complete";1;0;4;4;0;0;2.31
416;;;"base";"interview";2025-12-28 16:40:17;4;3;2;4;4;2;2;3;4;3;2;2;"23";5;3;1;2;5;1;5;4;4;3;4;6;6;6;6;5;5;41;94;19;159;;2025-12-28 16:42:56;"complete";1;0;4;4;0;0;1.46
419;;;"base";"interview";2025-12-29 11:06:44;4;3;2;2;4;4;4;3;4;2;1;2;"25";6;5;6;5;5;4;2;1;4;1;4;5;6;6;5;2;9;39;83;15;146;;2025-12-29 11:09:10;"complete";1;0;4;4;0;0;1.43
421;;;"base";"interview";2025-12-29 21:49:33;4;3;4;2;4;4;4;4;3;2;1;2;"31";6;6;6;5;6;5;2;3;2;2;1;5;6;7;7;2;44;227;216;34;362;;2025-12-29 21:58:14;"complete";1;0;4;4;0;0;0.44
423;;;"base";"interview";2025-12-30 12:05:19;2;3;2;4;4;3;4;4;3;2;2;2;"25";6;5;5;6;3;5;6;3;5;4;2;6;6;6;6;5;12;50;319;13;394;;2025-12-30 12:11:53;"complete";1;0;4;4;0;0;1.04
426;;;"base";"interview";2025-12-30 21:16:48;2;3;3;5;4;5;3;4;5;2;2;3;"22";3;5;4;6;4;5;4;4;4;5;4;6;4;3;3;3;7;47;80;25;159;;2025-12-30 21:19:27;"complete";1;0;4;4;0;0;1.29
429;;;"base";"interview";2025-12-31 02:55:29;4;3;5;3;3;4;2;4;3;2;1;3;"37";7;2;2;3;3;2;5;6;6;4;3;1;3;2;2;1;8;81;91;24;204;;2025-12-31 02:58:54;"complete";1;0;4;4;0;0;1.06
430;;;"base";"interview";2025-12-31 11:14:00;4;5;3;5;4;3;4;4;4;4;2;2;"35";4;5;7;4;5;5;5;6;6;5;5;5;6;5;5;6;3;8;12;1096;45;;2025-12-31 11:32:39;"complete";1;0;4;4;0;0;2.17
432;;;"base";"interview";2025-12-31 17:20:32;4;4;3;3;3;4;5;5;3;1;1;2;"25";5;7;5;7;4;7;5;7;6;5;5;7;6;2;7;1;24;65;100;25;214;;2025-12-31 17:24:06;"complete";1;0;4;4;0;0;0.9
434;;;"base";"interview";2026-01-01 13:52:51;3;1;5;1;4;2;2;4;2;2;2;4;"25";4;4;4;4;4;4;4;4;4;4;4;4;4;4;4;4;2;85;30;26;143;;2026-01-01 13:55:14;"complete";1;0;4;4;0;0;1.91
436;;;"base";"interview";2026-01-02 16:30:36;3;2;3;3;4;2;5;3;2;4;1;2;"26";7;3;5;2;3;3;4;5;3;3;1;2;5;4;5;3;3;52;68;20;143;;2026-01-02 16:33:00;"complete";1;0;4;4;0;0;1.76
441;;;"base";"interview";2026-01-03 14:16:45;5;4;4;3;3;4;5;4;5;4;2;1;"22";5;5;6;6;5;6;5;4;6;6;5;5;6;6;5;5;3;9;11;186;45;;2026-01-03 14:20:14;"complete";1;0;4;4;0;0;2.2
442;;;"base";"interview";2026-01-03 16:21:18;3;3;2;3;4;4;5;4;4;2;1;2;"24";6;5;5;4;5;7;5;2;4;2;2;4;6;6;6;4;13;63;140;13;229;;2026-01-03 16:25:07;"complete";1;0;4;4;0;0;1.09
443;;;"base";"interview";2026-01-03 18:22:38;2;2;2;2;2;3;2;3;3;2;2;3;"27";5;5;1;3;2;2;2;2;2;2;2;5;5;4;5;4;16;49;79;23;167;;2026-01-03 18:25:25;"complete";1;0;4;4;0;0;1.14
450;;;"base";"interview";2026-01-04 20:19:30;5;2;3;2;5;5;4;5;3;2;2;1;"27";7;6;2;4;6;7;6;7;5;5;3;6;7;6;4;3;264;2658;86;16;178;;2026-01-04 21:09:55;"complete";1;0;4;4;0;0;0.75
452;;;"base";"interview";2026-01-04 21:02:36;5;1;3;4;4;4;3;4;3;4;;;;;;;;;;;;;;;;;;;;4;66;;;70;;2026-01-04 21:03:46;;0;0;2;2;0;0;1.52
453;;;"base";"interview";2026-01-04 21:02:38;4;2;3;2;1;4;4;4;2;3;1;4;"16";5;5;3;5;6;3;3;5;4;5;5;7;7;6;5;5;14;42;98;15;169;;2026-01-04 21:05:27;"complete";1;0;4;4;0;0;1.26
454;;;"base";"interview";2026-01-04 21:02:49;4;2;4;3;4;4;5;4;5;1;2;3;"15";6;6;7;5;7;5;4;4;4;4;4;5;7;5;6;5;7;99;232;21;359;;2026-01-04 21:08:48;"complete";1;0;4;4;0;0;0.86
456;;;"base";"interview";2026-01-05 09:28:50;2;3;3;3;4;4;2;4;4;3;1;3;"24";3;5;5;5;4;6;3;3;3;2;2;4;5;6;6;3;6;82;345;38;471;;2026-01-05 09:36:41;"complete";1;0;4;4;0;0;0.78
458;;;"base";"interview";2026-01-05 20:08:45;5;4;2;4;5;5;5;5;4;5;2;2;"28";6;6;6;6;6;6;6;6;6;6;6;6;5;6;6;6;18;38;51;17;124;;2026-01-05 20:10:49;"complete";1;0;4;4;0;0;1.54
459;;;"base";"interview";2026-01-05 20:10:39;2;3;2;3;3;4;3;4;3;4;2;4;"33";7;4;6;5;4;5;2;3;4;4;4;4;6;4;4;5;7;10;13;18;48;;2026-01-05 20:11:27;"complete";1;0;4;4;0;0;2.09
460;;;"base";"interview";2026-01-05 20:28:06;3;2;3;3;4;2;2;4;3;2;2;1;"25";3;6;5;5;5;6;6;5;6;6;3;1;1;2;7;2;4;75;161;30;270;;2026-01-05 20:32:36;"complete";1;0;4;4;0;0;1.12
463;;;"base";"interview";2026-01-06 00:53:38;1;1;2;3;4;4;2;3;2;1;2;4;"23";4;5;5;3;5;4;4;5;3;3;2;4;4;4;6;4;12;46;99;22;179;;2026-01-06 00:56:37;"complete";1;0;4;4;0;0;1.13
464;;;"base";"interview";2026-01-06 02:33:38;3;4;4;4;4;4;3;4;5;5;1;3;"26";5;2;6;7;6;3;7;7;6;1;4;7;7;6;7;7;12;74;163;19;268;;2026-01-06 02:38:07;"complete";1;0;4;4;0;0;0.89
465;;;"base";"interview";2026-01-06 09:26:56;2;4;3;4;3;4;4;4;4;4;1;1;"29";6;5;6;3;6;6;5;5;4;3;3;6;6;6;6;6;2;77;284;11;374;;2026-01-06 09:33:10;"complete";1;0;4;4;0;0;1.59
466;;;"base";"interview";2026-01-06 09:43:19;4;2;2;3;4;4;4;4;4;4;2;2;"23";5;7;7;7;7;6;5;5;5;2;2;6;6;6;5;2;3;27;63;12;105;;2026-01-06 09:45:04;"complete";1;0;4;4;0;0;2.29
472;;;"base";"interview";2026-01-06 14:19:23;2;4;2;3;4;5;4;4;4;2;2;3;"20";5;5;6;5;6;3;3;3;5;3;4;6;6;6;6;6;13;95;177;70;307;;2026-01-06 14:25:18;"complete";1;0;4;4;0;0;0.6
473;;;"base";"interview";2026-01-06 14:22:51;3;2;2;4;4;4;4;4;3;3;2;1;"54";6;4;5;5;5;5;3;3;5;4;3;6;7;7;7;6;71;125;161;57;351;;2026-01-06 14:29:45;"complete";1;0;4;4;0;0;0.47
477;;;"base";"interview";2026-01-06 14:34:35;3;3;3;4;5;4;4;3;4;2;2;3;"21";6;7;7;7;7;5;5;4;4;2;4;6;6;5;7;5;19;62;140;22;243;;2026-01-06 14:38:38;"complete";1;0;4;4;0;0;0.87
479;;;"base";"interview";2026-01-06 14:36:52;4;2;2;3;5;4;3;3;3;2;1;4;"22";5;2;3;2;3;2;1;1;1;5;3;1;1;1;1;1;25;60;100;14;199;;2026-01-06 14:40:11;"complete";1;0;4;4;0;0;1.09
484;;;"base";"interview";2026-01-06 14:45:25;2;1;2;2;2;2;2;1;1;3;2;2;"53";3;1;4;1;4;4;1;2;2;2;4;1;1;1;1;1;6;58;93;39;196;;2026-01-06 14:48:41;"complete";1;0;4;4;0;0;1.13
486;;;"base";"interview";2026-01-06 15:17:34;4;4;3;3;5;5;2;4;3;3;2;2;"20";7;5;5;4;6;7;6;4;6;2;6;7;6;7;7;6;19;101;186;33;339;;2026-01-06 15:23:13;"complete";1;0;4;4;0;0;0.62
487;;;"base";"interview";2026-01-06 15:26:05;2;2;3;5;5;1;3;3;4;3;2;4;"43";4;6;2;5;3;5;6;3;3;3;2;5;7;6;7;6;5;70;189;27;291;;2026-01-06 15:30:56;"complete";1;0;4;4;0;0;1.03
490;;;"base";"interview";2026-01-06 15:46:16;2;2;4;2;4;4;3;4;4;4;2;2;"20";5;3;5;5;6;5;1;2;1;2;1;5;5;5;6;3;6;1336;106;12;192;;2026-01-06 16:10:36;"complete";1;0;4;4;0;0;1.12
493;;;"base";"interview";2026-01-06 16:06:20;4;2;3;3;4;5;5;3;4;3;2;4;"22";6;2;3;3;3;1;2;3;3;4;2;6;6;6;6;6;20;76;140;26;262;;2026-01-06 16:10:42;"complete";1;0;4;4;0;0;0.78
497;;;"base";"interview";2026-01-06 16:28:47;3;2;4;3;2;4;5;4;3;4;2;2;"53";6;7;7;5;6;7;4;5;1;1;2;1;7;7;7;3;25;105;187;31;348;;2026-01-06 16:34:35;"complete";1;0;4;4;0;0;0.6
499;;;"base";"interview";2026-01-06 16:55:17;3;4;1;5;5;3;5;2;3;1;;;;;;;;;;;;;;;;;;;;5;100;;;105;;2026-01-06 16:57:02;;0;0;2;2;0;0;1.14
507;;;"base";"interview";2026-01-06 17:53:11;5;1;4;3;4;4;5;4;5;5;1;1;"33";6;7;7;6;6;5;1;6;7;5;7;1;2;2;2;2;4;97;161;24;286;;2026-01-06 17:57:57;"complete";1;0;4;4;0;0;1.11
508;;;"base";"interview";2026-01-06 17:56:09;5;4;2;4;4;3;4;3;4;3;;;;;;;;;;;;;;;;;;;;6;75;;;81;;2026-01-06 17:57:30;;0;0;2;2;0;0;1.12
511;;;"base";"interview";2026-01-06 19:25:01;5;5;4;5;4;4;4;5;4;2;2;3;"22";5;3;5;4;5;2;6;5;5;6;5;5;5;6;6;7;6;45;70;25;146;;2026-01-06 19:27:27;"complete";1;0;4;4;0;0;1.41
513;;;"base";"interview";2026-01-06 19:43:52;4;3;4;4;3;3;4;4;4;3;2;3;"15";5;1;3;2;3;3;3;4;3;3;4;5;5;4;5;5;79;103;195;48;354;;2026-01-06 19:50:57;"complete";1;0;4;4;0;0;0.48
515;;;"base";"interview";2026-01-06 20:15:32;3;4;4;4;5;5;3;4;5;5;2;3;"50";6;5;6;4;5;7;3;3;4;2;3;6;6;5;6;4;7;65;115;74;209;;2026-01-06 20:19:53;"complete";1;0;4;4;0;0;0.92
519;;;"base";"interview";2026-01-06 20:51:35;3;3;3;5;5;5;3;4;5;2;2;2;"27";5;5;3;2;2;4;4;3;3;2;5;4;6;5;6;5;7;1129;271;72;368;;2026-01-06 21:16:14;"complete";1;0;4;4;0;0;0.5
521;;;"base";"interview";2026-01-06 22:13:18;3;4;4;4;2;4;4;4;4;4;2;1;"43";5;6;5;5;5;5;5;6;5;3;3;6;6;6;6;6;12;93;151;23;279;;2026-01-06 22:17:57;"complete";1;0;4;4;0;0;0.81
525;;;"base";"interview";2026-01-06 22:35:01;4;4;2;3;4;4;2;4;4;4;2;1;"52";5;6;5;4;4;6;6;5;6;2;4;7;7;6;6;5;5;125;106;22;258;;2026-01-06 22:39:19;"complete";1;0;4;4;0;0;1.1
528;;;"base";"interview";2026-01-07 11:11:58;4;4;3;3;4;3;2;3;3;2;2;3;"20";5;6;4;5;5;3;3;2;2;2;3;2;6;5;5;5;6;94;263;30;393;;2026-01-07 11:18:31;"complete";1;0;4;4;0;0;0.83
531;;;"base";"interview";2026-01-07 12:55:06;2;1;2;2;3;3;1;2;3;2;1;2;"35";5;6;6;6;6;6;2;2;2;1;2;4;2;3;2;3;299;128;980;34;305;;2026-01-07 13:19:07;"complete";1;0;4;4;0;0;0.34
532;;;"base";"interview";2026-01-07 12:55:17;2;4;4;2;4;4;5;3;4;5;2;4;"33";5;5;2;4;5;2;2;5;6;6;3;3;7;3;2;3;8;70;324;21;423;;2026-01-07 13:02:20;"complete";1;0;4;4;0;0;0.86
537;;;"base";"interview";2026-01-07 13:08:17;2;1;4;2;4;2;4;3;2;2;1;2;"35";4;5;4;6;5;2;3;2;3;2;1;1;1;6;2;3;81;104;220;46;378;;2026-01-07 13:15:48;"complete";1;0;4;4;0;0;0.46
539;;;"base";"interview";2026-01-07 13:42:31;3;2;2;4;4;2;2;4;3;2;1;3;"28";5;6;6;3;3;2;2;1;2;3;1;7;5;7;5;5;2817;81;144;18;251;;2026-01-07 14:33:31;"complete";1;0;4;4;0;0;0.75
541;;;"base";"interview";2026-01-07 14:48:01;2;1;2;3;4;4;3;3;4;3;1;1;"26";6;5;4;5;5;2;3;3;4;7;1;2;3;3;6;5;8;68;135;15;226;;2026-01-07 14:51:47;"complete";1;0;4;4;0;0;1.12
542;;;"base";"interview";2026-01-07 15:35:02;3;2;4;4;4;4;4;4;3;4;1;3;"26";6;6;7;3;6;6;4;6;6;2;4;5;6;6;6;5;15;95;150;27;287;;2026-01-07 15:39:50;"complete";1;0;4;4;0;0;0.74
543;;;"base";"interview";2026-01-07 19:13:00;1;3;4;4;4;5;3;1;4;1;2;3;"29";5;7;5;5;5;7;7;7;7;7;5;7;7;6;7;6;4;922;337;232;431;;2026-01-07 19:37:55;"complete";1;0;4;4;0;0;0.64
544;;;"base";"interview";2026-01-07 19:13:25;3;3;4;5;4;4;5;5;5;4;2;3;"25";6;7;7;7;3;6;7;3;5;6;4;7;7;7;7;3;70;479;570;337;233;;2026-01-07 19:37:41;"complete";1;0;4;4;0;0;0.14
546;;;"base";"interview";2026-01-07 19:29:14;3;1;3;3;3;3;3;3;3;3;4;4;"23";4;4;1;4;4;4;4;4;4;4;4;7;4;4;4;4;21;94;127;43;285;;2026-01-07 19:33:59;"complete";1;0;4;4;0;0;0.67
547;;;"base";"interview";2026-01-07 19:49:28;4;4;4;4;4;4;3;4;5;5;2;2;"23";6;6;5;4;3;5;5;4;4;5;4;5;7;6;7;5;3;56;217;21;297;;2026-01-07 19:54:25;"complete";1;0;4;4;0;0;1.39
549;;;"base";"interview";2026-01-07 22:31:44;5;3;3;4;4;4;4;4;4;4;1;3;"22";5;5;5;5;5;4;4;4;4;5;3;5;5;6;5;4;4;48;89;16;157;;2026-01-07 22:34:21;"complete";1;0;4;4;0;0;1.58
550;;;"base";"interview";2026-01-08 22:04:59;4;2;4;4;5;4;4;4;4;3;2;3;"25";2;2;2;3;3;5;4;3;7;1;2;4;7;7;6;1;5;53;78;24;160;;2026-01-08 22:07:39;"complete";1;0;4;4;0;0;1.38
555;;;"base";"interview";2026-01-09 15:45:15;2;1;2;2;3;3;2;3;3;1;1;1;"32";3;2;2;2;2;1;5;5;5;7;2;2;3;3;3;2;21;49;212;16;298;;2026-01-09 15:50:14;"complete";1;0;4;4;0;0;0.95
556;;;"base";"interview";2026-01-09 16:39:53;4;2;2;4;4;3;4;4;3;4;1;2;"22";5;6;7;6;6;5;4;2;5;2;3;6;6;6;7;6;10;48;70;14;142;;2026-01-09 16:42:15;"complete";1;0;4;4;0;0;1.43
562;;;"base";"interview";2026-01-10 04:54:26;2;2;3;3;1;5;4;4;3;1;3;3;"24";3;2;5;1;3;6;1;1;1;1;3;5;4;7;5;5;8;76;141;18;243;;2026-01-10 04:58:30;"complete";1;0;4;4;0;0;1.02
563;;;"base";"interview";2026-01-10 10:28:16;4;2;3;2;4;3;2;4;3;4;1;3;"25";5;5;5;2;3;4;3;1;1;1;1;1;1;3;3;2;6;57;90;76;175;;2026-01-10 10:32:06;"complete";1;0;4;4;0;0;1.08
564;;;"base";"interview";2026-01-10 13:07:52;4;5;2;4;4;4;2;1;4;2;1;3;"26";5;4;6;5;2;6;1;1;2;2;1;7;6;7;7;6;2;43;80;15;140;;2026-01-10 13:10:12;"complete";1;0;4;4;0;0;1.93
565;;;"base";"interview";2026-01-10 14:06:11;4;4;4;4;4;4;4;4;4;4;2;3;"24";3;5;3;5;5;3;3;3;5;5;5;5;5;5;5;5;17;29;80;24;150;;2026-01-10 14:08:41;"complete";1;0;4;4;0;0;1.35
566;;;"base";"interview";2026-01-10 19:34:42;2;2;1;3;4;2;3;4;3;3;2;2;"25";3;6;5;4;5;6;1;3;1;1;1;3;6;4;5;1;3;70;103;14;190;;2026-01-10 19:37:52;"complete";1;0;4;4;0;0;1.63
571;;;"base";"interview";2026-01-11 17:45:56;3;2;3;3;2;4;4;4;4;4;2;1;"25";7;2;4;5;3;5;3;5;1;2;1;6;7;5;6;5;7;47;92;13;159;;2026-01-11 17:48:35;"complete";1;0;4;4;0;0;1.44
572;;;"base";"interview";2026-01-11 21:14:58;3;4;2;4;3;4;4;4;4;2;2;2;"25";7;4;3;4;3;5;5;5;5;3;3;6;7;6;6;3;25;53;103;15;196;;2026-01-11 21:18:14;"complete";1;0;4;4;0;0;1.1
573;;;"base";"interview";2026-01-11 21:15:13;3;2;4;3;4;3;4;3;3;3;1;3;"24";6;4;6;5;3;5;3;3;3;4;4;7;6;6;6;6;6;87;227;27;347;;2026-01-11 21:21:00;"complete";1;0;4;4;0;0;0.88
574;;;"base";"interview";2026-01-11 21:47:44;3;2;3;4;4;2;3;3;4;4;1;2;"23";5;6;6;5;6;6;5;4;4;3;5;5;6;6;5;4;3;33;64;20;120;;2026-01-11 21:49:44;"complete";1;0;4;4;0;0;1.98
576;;;"base";"interview";2026-01-11 23:15:55;3;3;3;3;5;4;4;3;4;2;2;2;"26";5;6;6;6;6;5;6;5;6;4;4;6;6;6;6;4;31;93;119;21;264;;2026-01-11 23:20:19;"complete";1;0;4;4;0;0;0.79
577;;;"base";"interview";2026-01-11 23:59:15;3;1;1;4;4;1;3;3;4;2;1;4;"35";5;5;4;4;1;6;4;4;1;4;4;6;4;6;6;6;3;158;310;136;493;;2026-01-12 00:09:22;"complete";1;0;4;4;0;0;0.92
578;;;"base";"interview";2026-01-12 08:43:02;4;5;3;5;5;5;5;3;5;1;2;1;"22";7;7;2;7;7;4;6;3;7;6;4;6;7;7;7;7;22;45;164;17;248;;2026-01-12 08:47:11;"complete";1;0;4;4;0;0;1
579;;;"base";"interview";2026-01-12 13:20:45;3;4;3;4;4;4;4;4;4;2;2;2;"22";5;3;3;3;5;5;6;6;5;5;5;6;5;5;6;5;3;54;133;20;210;;2026-01-12 13:24:15;"complete";1;0;4;4;0;0;1.51
580;;;"base";"interview";2026-01-12 16:10:09;2;3;3;4;4;4;4;3;4;2;2;2;"23";6;7;7;5;7;7;4;5;1;1;1;7;7;7;7;7;2;46;78;20;146;;2026-01-12 16:12:36;"complete";1;0;4;4;0;0;1.83
581;;;"base";"interview";2026-01-12 16:57:09;3;3;4;3;3;4;3;4;3;4;2;3;"27";4;5;4;5;4;4;5;4;4;4;4;5;4;5;5;5;4;55;132;48;239;;2026-01-12 17:01:08;"complete";1;0;4;4;0;0;1.18
582;;;"base";"interview";2026-01-12 20:12:49;4;3;3;3;5;3;3;4;4;3;2;1;"32";3;5;4;4;5;5;5;5;3;4;3;4;5;5;4;4;4;25;19;141;70;;2026-01-12 20:15:58;"complete";1;0;4;4;0;0;1.97
584;;;"base";"interview";2026-01-13 11:00:08;4;1;1;2;5;2;4;3;2;2;1;3;"32";5;5;5;3;5;6;5;4;2;5;3;3;6;4;5;4;39;77;156;48;320;;2026-01-13 11:05:28;"complete";1;0;4;4;0;0;0.6
585;;;"base";"interview";2026-01-13 11:56:17;4;2;1;3;5;1;4;2;3;4;2;4;"21";6;5;5;7;6;6;4;3;4;4;4;2;7;2;7;4;10;67;207;20;304;;2026-01-13 12:01:21;"complete";1;0;4;4;0;0;0.89
586;;;"base";"interview";2026-01-13 12:15:20;2;3;2;3;2;3;3;4;2;2;1;4;"35";7;4;2;5;2;3;5;3;4;6;5;1;1;5;2;2;4;59;2268;38;236;;2026-01-13 12:54:49;"complete";1;0;4;4;0;0;0.95
588;;;"base";"interview";2026-01-13 14:11:18;4;2;1;5;5;4;4;5;5;2;2;2;"26";6;4;6;5;7;5;3;6;4;1;6;5;4;3;3;4;4;33;46;16;99;;2026-01-13 14:12:57;"complete";1;0;4;4;0;0;2.09
589;;;"base";"interview";2026-01-13 16:22:05;4;3;3;3;4;2;4;4;3;4;2;3;"24";6;6;4;5;5;3;4;4;4;1;2;5;6;6;5;6;7;43;134;32;216;;2026-01-13 16:25:41;"complete";1;0;4;4;0;0;1.1
590;;;"base";"interview";2026-01-13 17:58:54;5;4;2;5;4;5;3;5;4;5;1;1;"25";7;2;3;2;1;6;6;7;7;7;7;7;7;6;7;5;3;53;85;31;172;;2026-01-13 18:01:46;"complete";1;0;4;4;0;0;1.56
591;;;"base";"interview";2026-01-13 18:28:20;4;4;2;3;5;4;3;3;4;4;1;3;"23";3;6;6;4;5;5;4;4;6;3;5;4;6;5;6;5;4;16;24;12;56;;2026-01-13 18:29:16;"complete";1;0;4;4;0;0;2.46
592;;;"base";"interview";2026-01-13 18:29:20;2;2;2;3;4;2;1;2;3;2;2;1;"24";5;6;5;5;6;5;2;2;2;2;1;5;6;5;4;4;74;45;103;19;175;;2026-01-13 18:33:21;"complete";1;0;4;4;0;0;1.02
593;;;"base";"interview";2026-01-13 18:38:00;2;2;1;4;4;4;3;4;4;1;2;3;"25";1;5;1;5;4;5;2;1;2;1;1;1;5;7;7;1;82;81;93;15;197;;2026-01-13 18:42:31;"complete";1;0;4;4;0;0;0.96
596;;;"base";"interview";2026-01-14 00:16:15;2;2;2;1;5;4;4;4;5;4;2;1;"26";6;5;2;4;5;2;2;1;2;6;3;2;3;2;2;2;6;81;173;89;282;;2026-01-14 00:22:04;"complete";1;0;4;4;0;0;0.8
597;;;"base";"interview";2026-01-14 00:51:56;3;2;1;3;2;4;5;3;4;2;1;1;"24";6;4;5;5;6;6;4;5;6;5;2;7;7;5;4;6;24;47;80;22;173;;2026-01-14 00:54:49;"complete";1;0;4;4;0;0;1.12